Index,Category,Product Name,Rate
1,Tablets (Goli),Noorain Shifa,390
2,Tablets (Goli),Ajmaali Goliyan,430
3,Tablets (Goli),Jawani Goliyan,280
4,Tablets (Goli),Amreen Goliyan,280
5,Tablets (Goli),Pet Weight Goliyan,390
6,Tablets (Goli),Qabz Kusha Goliyan,250
7,Tablets (Goli),Tauqi Goliyan,700
8,Tablets (Goli),Sailano Goliyan,280
9,Tablets (Goli),Akseer-us-Sahad,450
10,Tablets (Goli),New Taqati,780
11,Tablets (Goli),Purani Taqati,2600
12,Tablets (Goli),Zarghwai Nuqrai,2600
13,Tablets (Goli),Roshan Dimagh,440
14,Tablets (Goli),Nashati Jadeed,700
15,Tablets (Goli),Weki Antibiotic,280
16,Powder (Sufoof),Bistar Peshab Shifa,280
17,Powder (Sufoof),Paichish Shifa,280
18,Powder (Sufoof),Patta Pathri Shifa,240
19,Powder (Sufoof),Janwar Shifa,330
20,Powder (Sufoof),Rohani Phakki,100
21,Powder (Sufoof),Khandani Raaz Shifa,300
22,Powder (Sufoof),Khoon Rok Shifa,240
23,Powder (Sufoof),Khoon Safa,240
24,Powder (Sufoof),Naujawan Shifa,270
25,Powder (Sufoof),Family Shifa,25
26,Powder (Sufoof),Saat Pakham Shifa,280
27,Powder (Sufoof),Gurday Fail Shifa,250
28,Powder (Sufoof),Chehra Shifa,380
29,Powder (Sufoof),Chot Shifa,200
30,Powder (Sufoof),Johar Shifai Powder,400
31,Powder (Sufoof),Be-Aulaadi Powder,650
32,Powder (Sufoof),Thandak Powder,220
33,Powder (Sufoof),Anabi Qehwa,300
34,Powder (Sufoof),Abqari Qehwa,25
35,Powder (Sufoof),Josh Joshanda,25
36,Powder (Sufoof),Bakhshi Qehwa,240
37,Powder (Sufoof),Anmol Hair Powder,200
38,Powder (Sufoof),Sufoof Thandak,300
39,Powder (Sufoof),Craving Bean,50
40,Powder (Sufoof),Sacchi Dawa (For Childlessness),220
41,Powder (Sufoof),Golden Miswak Manjan,160
42,Powder (Sufoof),Gurdi,380
43,Powder (Sufoof),Sachcha Manjan,170
44,Powder (Sufoof),Moti Manjan,220
45,Powder (Sufoof),Tiryaq,220
46,Powder (Sufoof),Chhilka Ispaghol,790
47,Powder (Sufoof),Chhilka Ispaghol (4g),35
48,Powder (Sufoof),Chamak Rakh (For Washing Utensils),160
49,Powder (Sufoof),Hazim Khaas,300
50,Powder (Sufoof),Slim Fitness,650
51,Syrup,Blood Pressure Shifa (240ML),280
52,Syrup,Khatoon Shifa (240ML),280
53,Syrup,Kaali Karwi Shifa (800ML),670
54,Syrup,Fishari Syrup (800ML),670
55,Syrup,Children Syrup (240ML),240
56,Syrup,Shifa-e-Hairat Syrup (240ML),280
57,Syrup,Shifa-e-Hairat Syrup (120ML),180
58,Syrup,Dalan Syrup (240ML),720
59,Syrup,Husn Shifa Syrup (240ML),280
60,Syrup,Hepatitis Nijaat Syrup (800ML),670
61,Syrup,Hepatitis Nijaat Syrup (240ML),280
62,Syrup,Sukoon Afza Syrup (800ML),670
63,Syrup,Sukoon Afza Syrup (240ML),280
64,Syrup,Tan Chust Tonic (240ML),350
65,Syrup,Foladi Tonic (800ML),750
66,Syrup,Foladi Tonic (240ML),280
67,Syrup,Abqari Baby Tonic (120ML),280
68,Syrup,Hamla Tonic (240ML),280
69,Syrup,Sharbat Ejaz (240ML),280
70,Syrup,Sharbat Pudina (120ML),190
71,Syrup,Arq Motapa Shifa (800ML),670
72,Syrup,Arq Shukar Shifa (800ML),800
73,Syrup,Arq Shukar Shifa (240ML),310
74,Syrup,Asplite Syrup (120ML) (Dengue Fever),250
75,Syrup,Ayyam Shifa (240ML),280
76,Syrup,Tanseena Tonic (800ML),750
77,Courses,Hormones Shifa,650
78,Courses,Naujawano ke Rog Course,820
79,Courses,High Blood Pressure Course,850
80,Courses,Uric Acid se Nijaat Course,850
81,Courses,Pathri Dialysis Course,1150
82,Courses,Peshab Control Course,590
83,Courses,Hepatitis Course,1050
84,Courses,Posheeda Course,850
85,Courses,Ganthi aur Rasoli (Tumor) se Nijaat Course,800
86,Courses,Cholesterol Course,900
87,Courses,Kamar Dard Course,1150
88,Courses,Qad Daraz Course (Height),800
89,Courses,Sugar Course,1150
90,Courses,Aroosi Suhaag Course,7500
91,Courses,Bars Phulbehri Course (Vitiligo),850
92,Courses,Bawaseer Course (Piles),850
93,Courses,Allergy Nazla Course,850
94,Courses,Gas Tabkheer Course,850
95,Courses,Be-Aulaadi Course (Infertility),3600
96,Courses,Ulcer Course,680
97,Courses,Motapa Course (Obesity),870
98,Courses,Fitness Package,850
99,Courses,Lajawab Hafiza Package (Memory),750
100,Courses,Sada Bahar Husn o Khoobsurti Package (Beauty),1300
101,Majoon (Electuary),Azraafi Shifa,360
102,Majoon (Electuary),Mazoor Shifa Tonic,700
103,Majoon (Electuary),Sattar Shifa Shakhain,390
104,Majoon (Electuary),Lal Qila Shahi Tonic,600
105,Majoon (Electuary),Majoon Taqati,2600
106,Majoon (Electuary),Majoon Shifa Yabi,700
107,Majoon (Electuary),Majoon Muradi,1450
108,Drops,Aankh Shifa (Eye Drops),190
109,Drops,Naak Shifa (Nose Drops),190
110,Drops,Kaan Shifa (Ear Drops),190
111,Drops,Ainak Tor Drops,380
112,Drops,Honey Eye Drops,230
113,Drops,Colin Drops,130
114,Ointment (Marham),Aag Shifa,170
115,Ointment (Marham),Current Malish,650
116,Ointment (Marham),Sakooni Marham (20g),200
117,Ointment (Marham),Sakooni Marham (30g),240
118,Ointment (Marham),Marham Bars,430
119,Ointment (Marham),Dardi Herbal Balm,200
120,Ointment (Marham),Vaseline,220
121,Distillates (Arqiyat),Arq Makoh (800ML),250
122,Distillates (Arqiyat),Arq Gaozaban (800ML),250
123,Distillates (Arqiyat),Abqari Arq Kasni (800ML),250
124,Distillates (Arqiyat),Abqari Arq Chorta (800ML),250
125,Distillates (Arqiyat),Arq Sonf (800ML),250
126,Beverages (Mashroobat),Mashroob Almali Aloo Bukhara (800ML),480
127,Beverages (Mashroobat),Mashroob Abqari Afza (800ML),480
128,Beverages (Mashroobat),Mashroob Elaichi (800ML),480
129,Beverages (Mashroobat),Mashroob Sandal (800ML),480
130,Foods,Roghan Nariyal - Coconut Oil (60ML),290
131,Foods,Roghan Til - Sesame Oil (60ML),220
132,Foods,Roghan Alsi - Flaxseed Oil (60ML),190
133,Foods,Roghan Kalonji - Black Seed Oil (60ML),500
134,Foods,Roghan Badam - Almond Oil (60ML),520
135,Foods,Roghan Nariyal - Coconut Oil (500ML),900
136,Foods,Roghan Arand - Castor Oil (60ML),250
137,Foods,Zaitoon Oil - Olive Oil (200ML),650
138,Foods,Zaitoon Oil - Olive Oil (60ML),270
139,Foods,Zaitoon Oil - Olive Oil (500ML),1400
140,Foods,Sarson & Canola Oil (1000ML),1350
141,Foods,Sarson & Canola Oil (500ML),750
142,Foods,Khalis Sarson ka Tel - Pure Mustard Oil (500ML),550
143,Foods,Khalis Sarson ka Tel - Pure Mustard Oil (200ML),240
144,Foods,Desi Ghee (1kg),3000
145,Foods,Desi Ghee (0.5kg),1550
146,Foods,Shahad - Honey (1kg),1300
147,Foods,Shahad - Honey (0.5kg),680
148,Foods,Shahad - Honey (265g),480
149,Foods,Shahad Beri ka Khalis - Pure Ber Honey (1kg),3150
150,Foods,Shahad Beri ka Khalis - Pure Ber Honey (0.5kg),1600
151,Foods,Shahad Beri ka Khalis - Pure Ber Honey (265g),830
152,Foods,Shahad Ajwain - Ajwain Honey (0.5kg),2000
153,Foods,Shahi Nashta (200g),390
154,Foods,Shahi Nashta (100g),220
155,Foods,Shahi Muaalij Aata - Special Flour (2kg),850
156,Foods,Abqari Black Salt Powder,150
157,Foods,Seb ka Sirka - Apple Cider Vinegar (800ML),580
158,Foods,Murabba Harira (500g),550
159,Foods,Murabba Seb - Apple Preserve (500g),450
160,Foods,Murabba Gulqand (500g),330
161,Foods,Murabba Amla (500g),450
162,Foods,Murabba Bahi - Quince Preserve (500g),480
163,Foods,Murabba Gajar - Carrot Preserve (500g),380
164,Foods,Murabba Baans - Bamboo Preserve,780
165,Foods,Abqari Talbina (100g),240
166,Foods,Chia Seed (200g),700
167,Foods,Power Plus Talbina (200g),1200
168,Foods,Chutney Aloo Bukhara - Plum Chutney (500g),680
169,Foods,Chutney Imli - Tamarind Chutney (500g),380
170,Foods,Chutney Green (400g),260
171,Foods,Achar Aam - Mango Pickle (400g),380
172,Foods,Achar Lassan - Garlic Pickle (400g),480
173,Foods,Achar Lasora - Lasora Pickle (400g),380
174,Foods,Achar Mirch - Chili Pickle (400g),380
175,Foods,Achar Mix - Mixed Pickle (400g),380
176,Foods,Achar Amla - Amla Pickle (400g),480
177,Foods,Abqari Pink Salt Powder,150
178,Foods,Abqari Pink Salt Souji (Granules),180
179,Foods,Abqari Pink Salt Rock Grinder,250
180,Foods,Sardai,600
181,Cosmetics,Karamati Tel (100ML),430
182,Cosmetics,Herbal Hair Oil,380
183,Cosmetics,Gadhay Hair Dial (Oil for Wazahmi/Vitiligo application),490
184,Cosmetics,Tibb-e-Nabawi Hair Oil,460
185,Cosmetics,Niswani Husn Shifa (120ML),430
186,Cosmetics,Arq Gulab - Rose Water (120ML),150
187,Cosmetics,Arq Gulab with Glycerine (120ML),310
188,Cosmetics,Arq Gulab Spray - Rose Water Spray (120ML),180
189,Cosmetics,Arq Gulab with Vitamin C (120ML),350
190,Cosmetics,Abqari Herbal Gul-Haldi Soap (120g),150
191,Cosmetics,Abqari Herbal Gul-Coconut Soap (120g),150
192,Cosmetics,Abqari Herbal Gul-Rice Soap (120g),150
193,Cosmetics,Abqari Musk Perfume (100g),2000
194,Cosmetics,Abqari Sultan Perfume (100ML),2000
195,Cosmetics,Abqari Sabaya Perfume (100ML),2000
196,Cosmetics,Abqari Rohani Soap (120g),150
197,Cosmetics,Abqari Rohani Soap (65g),60
198,Cosmetics,Abqari Herbal Gul-Neem Soap (120g),150
199,Cosmetics,Abqari Herbal Gul-Aloe Vera Soap (120g),150
200,Cosmetics,Abqari Haji Soap - Unscented (120g),150
201,Cosmetics,Tibb-e-Nabawi Husn o Jamal Cream,380
202,Cosmetics,Desi Cream,600
203,Cosmetics,Herbal Shampoo,410
204,Cosmetics,Sika Coffee Oil (130ML),550
205,Cosmetics,Dhania Oil - Coriander Oil (130ML),550
206,Cosmetics,Amla Oil (130ML),550
207,Camel Bone (Oont Haddi),Oont Haddi Tasbeeh - 33 Beads,900
208,Camel Bone (Oont Haddi),Oont Haddi Tasbeeh Small - 100 Beads,950
209,Camel Bone (Oont Haddi),Oont Haddi Tasbeeh Medium - 100 Beads,1150
210,Camel Bone (Oont Haddi),Oont Haddi Tasbeeh Large - 100 Beads,1450
211,Camel Bone (Oont Haddi),Oont Haddi Tasbeeh Extra Large - 100 Beads,1650
212,Camel Bone (Oont Haddi),Oont Haddi Locket (Small),350
213,Camel Bone (Oont Haddi),Oont Haddi Locket (Large),650
214,Camel Bone (Oont Haddi),Oont Haddi Anklet (Payzeb),500
215,Camel Bone (Oont Haddi),Oont Haddi Bracelet,500
216,Camel Bone (Oont Haddi),Oont Haddi Decoration Sword,2100
217,Camel Bone (Oont Haddi),Oont Haddi Decoration Ball (Gola),2100
218,Camel Bone (Oont Haddi),Surah Al-Kausar Complete Tasbeeh - 129 Beads,1350
219,Spiritual (Rohani),Madni Nabvi,4000
220,Spiritual (Rohani),Saa-e-Nabvi,6000
221,Spiritual (Rohani),Tilism Tor Taalluqi,180
222,Spiritual (Rohani),Jadu Dushman Pani - Anti-Magic Water (800ML),150
223,Spiritual (Rohani),Jadu Dushman Tel - Anti-Magic Oil,120
224,Spiritual (Rohani),Rohani Attar,450
225,Spiritual (Rohani),Rohani Agarbatti - Incense Sticks,120
226,Spiritual (Rohani),Barkat Wali Thaili - Blessing Pouch,60
227,Spiritual (Rohani),Dam Wala Dabba,180
228,Spiritual (Rohani),Rohani Dhooni - Spiritual Fumigation,250
229,Spiritual (Rohani),Abqari Miswak (with Holder),100
